[
  {
    "model": "organizations.organizations",
    "pk": 1,
    "fields": {
      "title": "Utah Valley Community Foundation",
      "website": "https://uvcf.example.org",
      "phone": "801-555-0110",
      "email": "info@uvcf.example.org",
      "street": "86 N University Ave",
      "city": "Provo",
      "state": "UT",
      "zip_code": 84601
    }
  },
  {
    "model": "organizations.organizations",
    "pk": 2,
    "fields": {
      "title": "Mountainland Housing Coalition",
      "website": "https://mountainlandhousing.example.org",
      "phone": "801-555-0199",
      "email": "contact@mountainlandhousing.example.org",
      "street": "575 E University Pkwy",
      "city": "Orem",
      "state": "UT",
      "zip_code": 84097
    }
  },
  {
    "model": "organizations.organizations",
    "pk": 3,
    "fields": {
      "title": "Wasatch Youth Initiative",
      "website": "https://wasatchyouth.example.org",
      "phone": "801-555-0234",
      "email": "hello@wasatchyouth.example.org",
      "street": "1455 W Main St",
      "city": "Lehi",
      "state": "UT",
      "zip_code": 84043
    }
  },
  {
    "model": "organizations.organizations",
    "pk": 4,
    "fields": {
      "title": "Alpine Arts Council",
      "website": "https://alpinearts.example.org",
      "phone": "801-555-0301",
      "email": "grants@alpinearts.example.org",
      "street": "50 E 100 N",
      "city": "American Fork",
      "state": "UT",
      "zip_code": 84003
    }
  },
  {
    "model": "organizations.organizations",
    "pk": 5,
    "fields": {
      "title": "Spanish Fork Community Pantry",
      "website": "https://sfpantry.example.org",
      "phone": "801-555-0478",
      "email": "donate@sfpantry.example.org",
      "street": "40 S Main St",
      "city": "Spanish Fork",
      "state": "UT",
      "zip_code": 84660
    }
  },
  {
    "model": "organizations.organizations",
    "pk": 6,
    "fields": {
      "title": "Timp Valley Literacy Project",
      "website": "https://timpvalleylit.example.org",
      "phone": "801-555-0512",
      "email": "info@timpvalleylit.example.org",
      "street": "290 W Center St",
      "city": "Pleasant Grove",
      "state": "UT",
      "zip_code": 84062
    }
  },
  {
    "model": "organizations.organizations",
    "pk": 7,
    "fields": {
      "title": "Springville Heritage Foundation",
      "website": "https://springvilleheritage.example.org",
      "phone": "801-555-0649",
      "email": "director@springvilleheritage.example.org",
      "street": "110 S Main St",
      "city": "Springville",
      "state": "UT",
      "zip_code": 84663
    }
  },
  {
    "model": "organizations.organizations",
    "pk": 8,
    "fields": {
      "title": "Eagle Mountain Family Services",
      "website": "https://emfamilyservices.example.org",
      "phone": "801-555-0733",
      "email": "support@emfamilyservices.example.org",
      "street": "1650 E Stagecoach Run",
      "city": "Eagle Mountain",
      "state": "UT",
      "zip_code": 84005
    }
  },

  {
    "model": "people.people",
    "pk": 1,
    "fields": {
      "first_name": "Rachel",
      "last_name": "Sorensen",
      "phone": "801-555-1201",
      "email": "rachel.sorensen@example.com",
      "street": "1482 N 1200 W",
      "city": "Provo",
      "state": "UT",
      "zip_code": 84604
    }
  },
  {
    "model": "people.people",
    "pk": 2,
    "fields": {
      "first_name": "David",
      "last_name": "Tenney",
      "phone": "801-555-1302",
      "email": "david.tenney@example.com",
      "street": "764 S 400 E",
      "city": "Orem",
      "state": "UT",
      "zip_code": 84097
    }
  },
  {
    "model": "people.people",
    "pk": 3,
    "fields": {
      "first_name": "Megan",
      "last_name": "Hatch",
      "phone": "801-555-1403",
      "email": "megan.hatch@example.com",
      "street": "2390 W Traverse Mountain Blvd",
      "city": "Lehi",
      "state": "UT",
      "zip_code": 84043
    }
  },
  {
    "model": "people.people",
    "pk": 4,
    "fields": {
      "first_name": "Brian",
      "last_name": "Kimball",
      "phone": "801-555-1504",
      "email": "brian.kimball@example.com",
      "street": "135 E 200 S",
      "city": "American Fork",
      "state": "UT",
      "zip_code": 84003
    }
  },
  {
    "model": "people.people",
    "pk": 5,
    "fields": {
      "first_name": "Lisa",
      "last_name": "Morales",
      "phone": "801-555-1605",
      "email": "lisa.morales@example.com",
      "street": "648 N 100 E",
      "city": "Pleasant Grove",
      "state": "UT",
      "zip_code": 84062
    }
  },
  {
    "model": "people.people",
    "pk": 6,
    "fields": {
      "first_name": "Tyler",
      "last_name": "Jensen",
      "phone": "801-555-1706",
      "email": "tyler.jensen@example.com",
      "street": "1021 S 1750 W",
      "city": "Springville",
      "state": "UT",
      "zip_code": 84663
    }
  },
  {
    "model": "people.people",
    "pk": 7,
    "fields": {
      "first_name": "Angela",
      "last_name": "Whitaker",
      "phone": "801-555-1807",
      "email": "angela.whitaker@example.com",
      "street": "390 W 400 N",
      "city": "Spanish Fork",
      "state": "UT",
      "zip_code": 84660
    }
  },
  {
    "model": "people.people",
    "pk": 8,
    "fields": {
      "first_name": "Kevin",
      "last_name": "Parr",
      "phone": "801-555-1908",
      "email": "kevin.parr@example.com",
      "street": "11576 N Alpine Hwy",
      "city": "Highland",
      "state": "UT",
      "zip_code": 84003
    }
  },
  {
    "model": "people.people",
    "pk": 9,
    "fields": {
      "first_name": "Sarah",
      "last_name": "Lundgren",
      "phone": "801-555-2009",
      "email": "sarah.lundgren@example.com",
      "street": "423 E Palisade Dr",
      "city": "Eagle Mountain",
      "state": "UT",
      "zip_code": 84005
    }
  },
  {
    "model": "people.people",
    "pk": 10,
    "fields": {
      "first_name": "Marcus",
      "last_name": "Reyes",
      "phone": "801-555-2110",
      "email": "marcus.reyes@example.com",
      "street": "965 N 600 W",
      "city": "Payson",
      "state": "UT",
      "zip_code": 84651
    }
  },
  {
    "model": "people.people",
    "pk": 11,
    "fields": {
      "first_name": "Jennifer",
      "last_name": "Ashby",
      "phone": "801-555-2211",
      "email": "jennifer.ashby@example.com",
      "street": "72 W 300 S",
      "city": "Provo",
      "state": "UT",
      "zip_code": 84601
    }
  },
  {
    "model": "people.people",
    "pk": 12,
    "fields": {
      "first_name": "Nathan",
      "last_name": "Okada",
      "phone": "801-555-2312",
      "email": "nathan.okada@example.com",
      "street": "1830 S State St",
      "city": "Orem",
      "state": "UT",
      "zip_code": 84097
    }
  },
  {
    "model": "people.people",
    "pk": 13,
    "fields": {
      "first_name": "Karen",
      "last_name": "Brimhall",
      "phone": "801-555-2413",
      "email": "karen.brimhall@example.com",
      "street": "550 S Main St",
      "city": "Lindon",
      "state": "UT",
      "zip_code": 84042
    }
  },
  {
    "model": "people.people",
    "pk": 14,
    "fields": {
      "first_name": "Jason",
      "last_name": "Trujillo",
      "phone": "801-555-2514",
      "email": "jason.trujillo@example.com",
      "street": "285 Harvest Moon Dr",
      "city": "Saratoga Springs",
      "state": "UT",
      "zip_code": 84045
    }
  },
  {
    "model": "people.people",
    "pk": 15,
    "fields": {
      "first_name": "Emily",
      "last_name": "Rasmussen",
      "phone": "801-555-2615",
      "email": "emily.rasmussen@example.com",
      "street": "1355 E 300 N",
      "city": "Mapleton",
      "state": "UT",
      "zip_code": 84664
    }
  },
  {
    "model": "people.people",
    "pk": 16,
    "fields": {
      "first_name": "Carlos",
      "last_name": "Medina",
      "phone": "801-555-2716",
      "email": "carlos.medina@example.com",
      "street": "340 N Main St",
      "city": "Salem",
      "state": "UT",
      "zip_code": 84653
    }
  },
  {
    "model": "people.people",
    "pk": 17,
    "fields": {
      "first_name": "Amanda",
      "last_name": "Christensen",
      "phone": "801-555-2817",
      "email": "amanda.christensen@example.com",
      "street": "4921 N Canyon Rd",
      "city": "Provo",
      "state": "UT",
      "zip_code": 84604
    }
  },
  {
    "model": "people.people",
    "pk": 18,
    "fields": {
      "first_name": "Robert",
      "last_name": "Pham",
      "phone": "801-555-2918",
      "email": "robert.pham@example.com",
      "street": "88 W 600 N",
      "city": "American Fork",
      "state": "UT",
      "zip_code": 84003
    }
  },

  {
    "model": "donations.donations",
    "pk": 1,
    "fields": {
      "person": 1,
      "organization": 1,
      "donations": "250.00",
      "donate_type": "Annual Gift",
      "date": "2026-01-05"
    }
  },
  {
    "model": "donations.donations",
    "pk": 2,
    "fields": {
      "person": 2,
      "organization": 2,
      "donations": "100.00",
      "donate_type": "Monthly Gift",
      "date": "2026-01-08"
    }
  },
  {
    "model": "donations.donations",
    "pk": 3,
    "fields": {
      "person": 3,
      "organization": 3,
      "donations": "5000.00",
      "donate_type": "Major Gift",
      "date": "2026-01-12"
    }
  },
  {
    "model": "donations.donations",
    "pk": 4,
    "fields": {
      "person": 5,
      "organization": 6,
      "donations": "75.00",
      "donate_type": "Monthly Gift",
      "date": "2026-01-15"
    }
  },
  {
    "model": "donations.donations",
    "pk": 5,
    "fields": {
      "person": 8,
      "organization": 1,
      "donations": "1000.00",
      "donate_type": "Year-End Gift",
      "date": "2026-01-02"
    }
  },
  {
    "model": "donations.donations",
    "pk": 6,
    "fields": {
      "person": 11,
      "organization": 4,
      "donations": "150.00",
      "donate_type": "Event Sponsorship",
      "date": "2026-01-20"
    }
  },
  {
    "model": "donations.donations",
    "pk": 7,
    "fields": {
      "person": 14,
      "organization": 8,
      "donations": "50.00",
      "donate_type": "One-Time Gift",
      "date": "2026-01-25"
    }
  },
  {
    "model": "donations.donations",
    "pk": 8,
    "fields": {
      "person": 2,
      "organization": 2,
      "donations": "100.00",
      "donate_type": "Monthly Gift",
      "date": "2026-02-08"
    }
  },
  {
    "model": "donations.donations",
    "pk": 9,
    "fields": {
      "person": 5,
      "organization": 6,
      "donations": "75.00",
      "donate_type": "Monthly Gift",
      "date": "2026-02-15"
    }
  },
  {
    "model": "donations.donations",
    "pk": 10,
    "fields": {
      "person": 4,
      "organization": 4,
      "donations": "2500.00",
      "donate_type": "Major Gift",
      "date": "2026-02-03"
    }
  },
  {
    "model": "donations.donations",
    "pk": 11,
    "fields": {
      "person": 7,
      "organization": 5,
      "donations": "300.00",
      "donate_type": "Annual Gift",
      "date": "2026-02-10"
    }
  },
  {
    "model": "donations.donations",
    "pk": 12,
    "fields": {
      "person": 10,
      "organization": 7,
      "donations": "125.00",
      "donate_type": "One-Time Gift",
      "date": "2026-02-18"
    }
  },
  {
    "model": "donations.donations",
    "pk": 13,
    "fields": {
      "person": 17,
      "organization": 1,
      "donations": "10000.00",
      "donate_type": "Major Gift",
      "date": "2026-02-22"
    }
  },
  {
    "model": "donations.donations",
    "pk": 14,
    "fields": {
      "person": 13,
      "organization": 3,
      "donations": "200.00",
      "donate_type": "One-Time Gift",
      "date": "2026-02-27"
    }
  },
  {
    "model": "donations.donations",
    "pk": 15,
    "fields": {
      "person": 2,
      "organization": 2,
      "donations": "100.00",
      "donate_type": "Monthly Gift",
      "date": "2026-03-08"
    }
  },
  {
    "model": "donations.donations",
    "pk": 16,
    "fields": {
      "person": 5,
      "organization": 6,
      "donations": "75.00",
      "donate_type": "Monthly Gift",
      "date": "2026-03-15"
    }
  },
  {
    "model": "donations.donations",
    "pk": 17,
    "fields": {
      "person": 6,
      "organization": 7,
      "donations": "500.00",
      "donate_type": "Annual Gift",
      "date": "2026-03-01"
    }
  },
  {
    "model": "donations.donations",
    "pk": 18,
    "fields": {
      "person": 9,
      "organization": 8,
      "donations": "750.00",
      "donate_type": "Event Sponsorship",
      "date": "2026-03-12"
    }
  },
  {
    "model": "donations.donations",
    "pk": 19,
    "fields": {
      "person": 12,
      "organization": 1,
      "donations": "350.00",
      "donate_type": "One-Time Gift",
      "date": "2026-03-19"
    }
  },
  {
    "model": "donations.donations",
    "pk": 20,
    "fields": {
      "person": 15,
      "organization": 5,
      "donations": "180.00",
      "donate_type": "Annual Gift",
      "date": "2026-03-25"
    }
  },
  {
    "model": "donations.donations",
    "pk": 21,
    "fields": {
      "person": 16,
      "organization": 5,
      "donations": "400.00",
      "donate_type": "One-Time Gift",
      "date": "2026-03-30"
    }
  },
  {
    "model": "donations.donations",
    "pk": 22,
    "fields": {
      "person": 2,
      "organization": 2,
      "donations": "100.00",
      "donate_type": "Monthly Gift",
      "date": "2026-04-08"
    }
  },
  {
    "model": "donations.donations",
    "pk": 23,
    "fields": {
      "person": 5,
      "organization": 6,
      "donations": "75.00",
      "donate_type": "Monthly Gift",
      "date": "2026-04-15"
    }
  },
  {
    "model": "donations.donations",
    "pk": 24,
    "fields": {
      "person": 1,
      "organization": 1,
      "donations": "250.00",
      "donate_type": "Annual Gift",
      "date": "2026-04-05"
    }
  },
  {
    "model": "donations.donations",
    "pk": 25,
    "fields": {
      "person": 3,
      "organization": 3,
      "donations": "2000.00",
      "donate_type": "Major Gift",
      "date": "2026-04-10"
    }
  },
  {
    "model": "donations.donations",
    "pk": 26,
    "fields": {
      "person": 18,
      "organization": 4,
      "donations": "600.00",
      "donate_type": "Event Sponsorship",
      "date": "2026-04-14"
    }
  },
  {
    "model": "donations.donations",
    "pk": 27,
    "fields": {
      "person": 11,
      "organization": 7,
      "donations": "225.00",
      "donate_type": "One-Time Gift",
      "date": "2026-04-20"
    }
  },
  {
    "model": "donations.donations",
    "pk": 28,
    "fields": {
      "person": 8,
      "organization": 1,
      "donations": "1500.00",
      "donate_type": "Major Gift",
      "date": "2026-04-28"
    }
  },
  {
    "model": "donations.donations",
    "pk": 29,
    "fields": {
      "person": 2,
      "organization": 2,
      "donations": "100.00",
      "donate_type": "Monthly Gift",
      "date": "2026-05-08"
    }
  },
  {
    "model": "donations.donations",
    "pk": 30,
    "fields": {
      "person": 5,
      "organization": 6,
      "donations": "75.00",
      "donate_type": "Monthly Gift",
      "date": "2026-05-15"
    }
  },
  {
    "model": "donations.donations",
    "pk": 31,
    "fields": {
      "person": 4,
      "organization": 4,
      "donations": "500.00",
      "donate_type": "Annual Gift",
      "date": "2026-05-02"
    }
  },
  {
    "model": "donations.donations",
    "pk": 32,
    "fields": {
      "person": 7,
      "organization": 5,
      "donations": "300.00",
      "donate_type": "Annual Gift",
      "date": "2026-05-11"
    }
  },
  {
    "model": "donations.donations",
    "pk": 33,
    "fields": {
      "person": 14,
      "organization": 8,
      "donations": "1200.00",
      "donate_type": "Major Gift",
      "date": "2026-05-18"
    }
  },
  {
    "model": "donations.donations",
    "pk": 34,
    "fields": {
      "person": 17,
      "organization": 1,
      "donations": "5000.00",
      "donate_type": "Major Gift",
      "date": "2026-05-22"
    }
  },
  {
    "model": "donations.donations",
    "pk": 35,
    "fields": {
      "person": 10,
      "organization": 7,
      "donations": "90.00",
      "donate_type": "One-Time Gift",
      "date": "2026-05-29"
    }
  },
  {
    "model": "donations.donations",
    "pk": 36,
    "fields": {
      "person": 16,
      "organization": 3,
      "donations": "275.00",
      "donate_type": "One-Time Gift",
      "date": "2026-05-05"
    }
  },
  {
    "model": "donations.donations",
    "pk": 37,
    "fields": {
      "person": 2,
      "organization": 2,
      "donations": "100.00",
      "donate_type": "Monthly Gift",
      "date": "2026-06-08"
    }
  },
  {
    "model": "donations.donations",
    "pk": 38,
    "fields": {
      "person": 5,
      "organization": 6,
      "donations": "75.00",
      "donate_type": "Monthly Gift",
      "date": "2026-06-15"
    }
  },
  {
    "model": "donations.donations",
    "pk": 39,
    "fields": {
      "person": 6,
      "organization": 7,
      "donations": "500.00",
      "donate_type": "Annual Gift",
      "date": "2026-06-01"
    }
  },
  {
    "model": "donations.donations",
    "pk": 40,
    "fields": {
      "person": 9,
      "organization": 8,
      "donations": "3000.00",
      "donate_type": "Major Gift",
      "date": "2026-06-10"
    }
  },
  {
    "model": "donations.donations",
    "pk": 41,
    "fields": {
      "person": 12,
      "organization": 1,
      "donations": "450.00",
      "donate_type": "Annual Gift",
      "date": "2026-06-17"
    }
  },
  {
    "model": "donations.donations",
    "pk": 42,
    "fields": {
      "person": 13,
      "organization": 6,
      "donations": "150.00",
      "donate_type": "One-Time Gift",
      "date": "2026-06-22"
    }
  },
  {
    "model": "donations.donations",
    "pk": 43,
    "fields": {
      "person": 15,
      "organization": 5,
      "donations": "800.00",
      "donate_type": "Event Sponsorship",
      "date": "2026-06-25"
    }
  },
  {
    "model": "donations.donations",
    "pk": 44,
    "fields": {
      "person": 18,
      "organization": 4,
      "donations": "350.00",
      "donate_type": "One-Time Gift",
      "date": "2026-06-28"
    }
  },
  {
    "model": "donations.donations",
    "pk": 45,
    "fields": {
      "person": 1,
      "organization": 3,
      "donations": "1000.00",
      "donate_type": "Major Gift",
      "date": "2026-06-30"
    }
  },

  {
    "model": "developments.developments",
    "pk": 1,
    "fields": {
      "type": "Donor Lunch",
      "date": "2026-04-08",
      "time": "12:00:00",
      "end_time": "13:00:00",
      "status": "scheduled",
      "note": "Discuss Q2 campaign goals and annual giving timeline.",
      "street": "86 N University Ave",
      "city": "Provo",
      "state": "UT",
      "zip_code": "84601",
      "lat": "40.233840000000000",
      "lng": "-111.658530000000000",
      "people": 1,
      "organization": 1
    }
  },
  {
    "model": "developments.developments",
    "pk": 2,
    "fields": {
      "type": "Site Visit",
      "date": "2026-04-08",
      "time": "09:00:00",
      "end_time": "10:00:00",
      "status": "scheduled",
      "note": "Tour affordable housing site on University Pkwy with David.",
      "street": "575 E University Pkwy",
      "city": "Orem",
      "state": "UT",
      "zip_code": "84097",
      "lat": "40.296900000000000",
      "lng": "-111.694600000000000",
      "people": 2,
      "organization": 2
    }
  },
  {
    "model": "developments.developments",
    "pk": 3,
    "fields": {
      "type": "Phone Call",
      "date": "2026-04-08",
      "time": "14:00:00",
      "end_time": "14:30:00",
      "status": "scheduled",
      "note": "Follow up with Megan on $5K pledge fulfillment timeline.",
      "street": "2390 W Traverse Mountain Blvd",
      "city": "Lehi",
      "state": "UT",
      "zip_code": "84043",
      "lat": "40.391600000000000",
      "lng": "-111.850800000000000",
      "people": 3,
      "organization": 3
    }
  },
  {
    "model": "developments.developments",
    "pk": 4,
    "fields": {
      "type": "Coffee Meeting",
      "date": "2026-04-08",
      "time": "08:00:00",
      "end_time": "09:00:00",
      "status": "scheduled",
      "note": "Catch up with Lisa about board nomination process.",
      "street": "290 W Center St",
      "city": "Pleasant Grove",
      "state": "UT",
      "zip_code": "84062",
      "lat": "40.364100000000000",
      "lng": "-111.738500000000000",
      "people": 5,
      "organization": 6
    }
  },
  {
    "model": "developments.developments",
    "pk": 5,
    "fields": {
      "type": "Meeting",
      "date": "2026-04-08",
      "time": "15:30:00",
      "end_time": "16:30:00",
      "status": "scheduled",
      "note": "Gala debrief with Brian. Review sponsorship totals.",
      "street": "50 E 100 N",
      "city": "American Fork",
      "state": "UT",
      "zip_code": "84003",
      "lat": "40.376900000000000",
      "lng": "-111.795200000000000",
      "people": 4,
      "organization": 4
    }
  },
  {
    "model": "developments.developments",
    "pk": 6,
    "fields": {
      "type": "Home Visit",
      "date": "2026-04-09",
      "time": "10:00:00",
      "end_time": "11:00:00",
      "status": "scheduled",
      "note": "Meet with Kevin to finalize planned giving paperwork.",
      "street": "11576 N Alpine Hwy",
      "city": "Highland",
      "state": "UT",
      "zip_code": "84003",
      "lat": "40.425600000000000",
      "lng": "-111.795200000000000",
      "people": 8,
      "organization": 1
    }
  },
  {
    "model": "developments.developments",
    "pk": 7,
    "fields": {
      "type": "Donor Lunch",
      "date": "2026-04-09",
      "time": "12:00:00",
      "end_time": "13:00:00",
      "status": "scheduled",
      "note": "Stewardship lunch with Amanda. Share Q1 impact report.",
      "street": "4921 N Canyon Rd",
      "city": "Provo",
      "state": "UT",
      "zip_code": "84604",
      "lat": "40.264300000000000",
      "lng": "-111.638200000000000",
      "people": 17,
      "organization": 1
    }
  },
  {
    "model": "developments.developments",
    "pk": 8,
    "fields": {
      "type": "Phone Call",
      "date": "2026-04-09",
      "time": "14:30:00",
      "end_time": "15:00:00",
      "status": "scheduled",
      "note": "Check in with Marcus about Payson community garden funding.",
      "street": "965 N 600 W",
      "city": "Payson",
      "state": "UT",
      "zip_code": "84651",
      "lat": "40.044400000000000",
      "lng": "-111.732200000000000",
      "people": 10,
      "organization": 7
    }
  },
  {
    "model": "developments.developments",
    "pk": 9,
    "fields": {
      "type": "Volunteer Orientation",
      "date": "2026-04-09",
      "time": "17:00:00",
      "end_time": "18:30:00",
      "status": "scheduled",
      "note": "Onboard new pantry volunteers. Angela coordinating.",
      "street": "40 S Main St",
      "city": "Spanish Fork",
      "state": "UT",
      "zip_code": "84660",
      "lat": "40.114900000000000",
      "lng": "-111.654900000000000",
      "people": 7,
      "organization": 5
    }
  },
  {
    "model": "developments.developments",
    "pk": 10,
    "fields": {
      "type": "Grant Writing Workshop",
      "date": "2026-04-10",
      "time": "09:00:00",
      "end_time": "11:00:00",
      "status": "scheduled",
      "note": "Workshop at Orem Library. Nathan leading session on state grants.",
      "street": "58 N State St",
      "city": "Orem",
      "state": "UT",
      "zip_code": "84057",
      "lat": "40.297800000000000",
      "lng": "-111.694100000000000",
      "people": 12,
      "organization": 2
    }
  },
  {
    "model": "developments.developments",
    "pk": 11,
    "fields": {
      "type": "Site Visit",
      "date": "2026-04-10",
      "time": "13:00:00",
      "end_time": "14:30:00",
      "status": "scheduled",
      "note": "Tour family services facility with Sarah before grand opening.",
      "street": "1650 E Stagecoach Run",
      "city": "Eagle Mountain",
      "state": "UT",
      "zip_code": "84005",
      "lat": "40.314100000000000",
      "lng": "-112.006900000000000",
      "people": 9,
      "organization": 8
    }
  },
  {
    "model": "developments.developments",
    "pk": 12,
    "fields": {
      "type": "Board Meeting",
      "date": "2026-04-10",
      "time": "16:00:00",
      "end_time": "17:30:00",
      "status": "scheduled",
      "note": "Q1 financial review. Donations tracking 12% ahead of last year.",
      "street": "86 N University Ave",
      "city": "Provo",
      "state": "UT",
      "zip_code": "84601",
      "lat": "40.233840000000000",
      "lng": "-111.658530000000000",
      "people": 17,
      "organization": 1
    }
  },
  {
    "model": "developments.developments",
    "pk": 13,
    "fields": {
      "type": "Donor Lunch",
      "date": "2026-04-10",
      "time": "11:30:00",
      "end_time": "12:30:00",
      "status": "scheduled",
      "note": "Cultivation lunch with Karen. Discuss literacy program expansion.",
      "street": "550 S Main St",
      "city": "Lindon",
      "state": "UT",
      "zip_code": "84042",
      "lat": "40.343000000000000",
      "lng": "-111.721300000000000",
      "people": 13,
      "organization": 6
    }
  },
  {
    "model": "developments.developments",
    "pk": 14,
    "fields": {
      "type": "Meeting",
      "date": "2026-04-11",
      "time": "09:00:00",
      "end_time": "10:00:00",
      "status": "scheduled",
      "note": "Review summer event calendar with Robert.",
      "street": "88 W 600 N",
      "city": "American Fork",
      "state": "UT",
      "zip_code": "84003",
      "lat": "40.376900000000000",
      "lng": "-111.795200000000000",
      "people": 18,
      "organization": 4
    }
  },
  {
    "model": "developments.developments",
    "pk": 15,
    "fields": {
      "type": "Home Visit",
      "date": "2026-04-11",
      "time": "11:00:00",
      "end_time": "12:00:00",
      "status": "scheduled",
      "note": "Follow up with Carlos on estate gift options.",
      "street": "340 N Main St",
      "city": "Salem",
      "state": "UT",
      "zip_code": "84653",
      "lat": "40.053000000000000",
      "lng": "-111.673500000000000",
      "people": 16,
      "organization": 5
    }
  },
  {
    "model": "developments.developments",
    "pk": 16,
    "fields": {
      "type": "Phone Call",
      "date": "2026-04-11",
      "time": "13:30:00",
      "end_time": "14:00:00",
      "status": "scheduled",
      "note": "Confirm Jason's attendance at community event.",
      "street": "285 Harvest Moon Dr",
      "city": "Saratoga Springs",
      "state": "UT",
      "zip_code": "84045",
      "lat": "40.349300000000000",
      "lng": "-111.904600000000000",
      "people": 14,
      "organization": 8
    }
  },
  {
    "model": "developments.developments",
    "pk": 17,
    "fields": {
      "type": "Donor Appreciation Dinner",
      "date": "2026-04-11",
      "time": "18:00:00",
      "end_time": "20:30:00",
      "status": "scheduled",
      "note": "Spring donor thank-you dinner at Springville Museum. 40 expected.",
      "street": "126 E 400 S",
      "city": "Springville",
      "state": "UT",
      "zip_code": "84663",
      "lat": "40.165200000000000",
      "lng": "-111.610700000000000",
      "people": 6,
      "organization": 7
    }
  },
  {
    "model": "developments.developments",
    "pk": 18,
    "fields": {
      "type": "Quarterly Review",
      "date": "2026-04-11",
      "time": "15:00:00",
      "end_time": "16:00:00",
      "status": "scheduled",
      "note": "Donor pipeline review with development team.",
      "street": "86 N University Ave",
      "city": "Provo",
      "state": "UT",
      "zip_code": "84601",
      "lat": "40.233840000000000",
      "lng": "-111.658530000000000",
      "people": 11,
      "organization": 1
    }
  },
  {
    "model": "developments.developments",
    "pk": 19,
    "fields": {
      "type": "Community Event",
      "date": "2026-04-12",
      "time": "10:00:00",
      "end_time": "14:00:00",
      "status": "scheduled",
      "note": "Spring fair booth in Saratoga Springs. Family services outreach.",
      "street": "285 Harvest Moon Dr",
      "city": "Saratoga Springs",
      "state": "UT",
      "zip_code": "84045",
      "lat": "40.349300000000000",
      "lng": "-111.904600000000000",
      "people": 14,
      "organization": 8
    }
  },
  {
    "model": "developments.developments",
    "pk": 20,
    "fields": {
      "type": "Donor Lunch",
      "date": "2026-04-12",
      "time": "12:00:00",
      "end_time": "13:00:00",
      "status": "scheduled",
      "note": "Cultivation meeting with Emily. Discuss naming opportunity for reading room.",
      "street": "1355 E 300 N",
      "city": "Mapleton",
      "state": "UT",
      "zip_code": "84664",
      "lat": "40.131000000000000",
      "lng": "-111.578500000000000",
      "people": 15,
      "organization": 5
    }
  },
  {
    "model": "developments.developments",
    "pk": 21,
    "fields": {
      "type": "Phone Call",
      "date": "2026-04-12",
      "time": "08:30:00",
      "end_time": "09:00:00",
      "status": "scheduled",
      "note": "Touch base with Tyler about heritage foundation volunteer hours.",
      "street": "1021 S 1750 W",
      "city": "Springville",
      "state": "UT",
      "zip_code": "84663",
      "lat": "40.165200000000000",
      "lng": "-111.610700000000000",
      "people": 6,
      "organization": 7
    }
  },
  {
    "model": "developments.developments",
    "pk": 22,
    "fields": {
      "type": "Site Visit",
      "date": "2026-04-12",
      "time": "15:00:00",
      "end_time": "16:00:00",
      "status": "scheduled",
      "note": "Walk through new pantry expansion space with Angela.",
      "street": "40 S Main St",
      "city": "Spanish Fork",
      "state": "UT",
      "zip_code": "84660",
      "lat": "40.114900000000000",
      "lng": "-111.654900000000000",
      "people": 7,
      "organization": 5
    }
  },
  {
    "model": "developments.developments",
    "pk": 23,
    "fields": {
      "type": "Coffee Meeting",
      "date": "2026-04-13",
      "time": "08:00:00",
      "end_time": "09:00:00",
      "status": "pending",
      "note": "Intro meeting with Jennifer about volunteer-to-donor pipeline.",
      "street": "72 W 300 S",
      "city": "Provo",
      "state": "UT",
      "zip_code": "84601",
      "lat": "40.233840000000000",
      "lng": "-111.658530000000000",
      "people": 11,
      "organization": 1
    }
  },
  {
    "model": "developments.developments",
    "pk": 24,
    "fields": {
      "type": "Meeting",
      "date": "2026-04-13",
      "time": "10:00:00",
      "end_time": "11:00:00",
      "status": "pending",
      "note": "Summer reading program logistics with Karen.",
      "street": "290 W Center St",
      "city": "Pleasant Grove",
      "state": "UT",
      "zip_code": "84062",
      "lat": "40.364100000000000",
      "lng": "-111.738500000000000",
      "people": 13,
      "organization": 6
    }
  },
  {
    "model": "developments.developments",
    "pk": 25,
    "fields": {
      "type": "Donor Lunch",
      "date": "2026-04-13",
      "time": "12:00:00",
      "end_time": "13:00:00",
      "status": "pending",
      "note": "Thank-you lunch with Megan for major gift. Discuss Q3 plans.",
      "street": "1455 W Main St",
      "city": "Lehi",
      "state": "UT",
      "zip_code": "84043",
      "lat": "40.391600000000000",
      "lng": "-111.850800000000000",
      "people": 3,
      "organization": 3
    }
  },
  {
    "model": "developments.developments",
    "pk": 26,
    "fields": {
      "type": "Phone Call",
      "date": "2026-04-13",
      "time": "14:00:00",
      "end_time": "14:30:00",
      "status": "pending",
      "note": "Remind Nathan about grant deadline next week.",
      "street": "1830 S State St",
      "city": "Orem",
      "state": "UT",
      "zip_code": "84097",
      "lat": "40.296900000000000",
      "lng": "-111.694600000000000",
      "people": 12,
      "organization": 2
    }
  },
  {
    "model": "developments.developments",
    "pk": 27,
    "fields": {
      "type": "Home Visit",
      "date": "2026-04-13",
      "time": "15:30:00",
      "end_time": "16:30:00",
      "status": "pending",
      "note": "Visit Robert to discuss matching gift opportunity from employer.",
      "street": "88 W 600 N",
      "city": "American Fork",
      "state": "UT",
      "zip_code": "84003",
      "lat": "40.376900000000000",
      "lng": "-111.795200000000000",
      "people": 18,
      "organization": 4
    }
  }
]
